Unnamed: 0,accuracy_train_mean,accuracy_train_std,accuracy_test_1_mean,accuracy_test_1_std,accuracy_test_2_mean,accuracy_test_2_std,accuracy_test_combined_mean,accuracy_test_combined_std
CNN,0.99505806,0.001965158,0.9448012,0.011720209,0.9721838,0.010312731,0.96581495,0.009878524
GRU,0.8083518,0.059970353,0.67931956,0.096444964,0.8065959,0.03908068,0.77706987,0.052102197
LSTM,0.99038804,0.000612279,0.94208705,0.020340018,0.95955884,0.019332873,0.955021,0.019462071
RNN,0.946627,0.07923282,0.90630734,0.12969485,0.9409667,0.07447889,0.9329237,0.087110266
