,Unnamed: 0,accuracy_train_mean,accuracy_train_std,accuracy_test_1_mean,accuracy_test_1_std,accuracy_test_2_mean,accuracy_test_2_std,accuracy_test_combined_mean,accuracy_test_combined_std
0,CNN,0.99505806,0.0019651575,0.9448012,0.011720209,0.9721838,0.010312731,0.96581495,0.009878524
0,CNN_embedding,0.98415816,0.0056801816,0.9714446,0.009202741,0.9559475,0.014303717,0.95927364,0.01275224
0,RNN,0.946627,0.07923282,0.90630734,0.12969485,0.9409667,0.07447889,0.9329237,0.087110266
