,Unnamed: 0,accuracy_train_mean,accuracy_train_std,accuracy_test_1_mean,accuracy_test_1_std,accuracy_test_2_mean,accuracy_test_2_std,accuracy_test_combined_mean,accuracy_test_combined_std
0,autoencoder,0.9889476,0.0,0.9752345,0.0,0.9586752,5.9604645e-08,0.96222913,5.9604645e-08
0,CNN,0.99505806,0.0019651575,0.9448012,0.011720209,0.9721838,0.010312731,0.96581495,0.009878524
0,CNN_+hist_co2,0.9951193,0.0010312184,0.9512428,0.008060124,0.9734796,0.017738368,0.96830827,0.014057555
0,resnet20,0.9780702,0.00030887127,0.9508792,0.011659026,0.87715137,0.04411009,0.8925453,0.031775534
0,RNN,0.946627,0.07923282,0.90630734,0.12969485,0.9409667,0.07447889,0.9329237,0.087110266
